id_depto,Grupo_Etario,Cantidad
6007,jardin,1292
6007,primaria,1697
6007,secundaria,1437
6007,total,17344
6014,jardin,950
6014,primaria,1401
6014,secundaria,1170
6014,total,12847
6021,jardin,904
6021,primaria,1378
6021,secundaria,1198
6021,total,12906
6028,jardin,43762
6028,primaria,67913
6028,secundaria,58227
6028,total,583209
6035,jardin,22784
6035,primaria,37082
6035,secundaria,32476
6035,total,366117
6042,jardin,1699
6042,primaria,2442
6042,secundaria,2150
6042,total,21757
6049,jardin,5390
6049,primaria,8219
6049,secundaria,7066
6049,total,75152
6056,jardin,22621
6056,primaria,33944
6056,secundaria,28746
6056,total,334505
6063,jardin,3638
6063,primaria,5070
6063,secundaria,4268
6063,total,48516
6070,jardin,3225
6070,primaria,4372
6070,secundaria,3818
6070,total,39223
6077,jardin,2644
6077,primaria,3542
6077,secundaria,2961
6077,total,32077
6084,jardin,1608
6084,primaria,2277
6084,secundaria,2015
6084,total,21185
6091,jardin,25806
6091,primaria,41462
6091,secundaria,35467
6091,total,358328
6098,jardin,7704
6098,primaria,11779
6098,secundaria,9722
6098,total,100685
6105,jardin,2830
6105,primaria,3857
6105,secundaria,3206
6105,total,37194
6112,jardin,3360
6112,primaria,4807
6112,secundaria,4203
6112,total,46227
6119,jardin,2588
6119,primaria,3997
6119,secundaria,3510
6119,total,32350
6126,jardin,8120
6126,primaria,12587
6126,secundaria,10846
6126,total,107976
6134,jardin,6225
6134,primaria,9538
6134,secundaria,7497
6134,total,70542
6140,jardin,1180
6140,primaria,1713
6140,secundaria,1441
6140,total,15882
6147,jardin,1731
6147,primaria,2491
6147,secundaria,2110
6147,total,22905
6154,jardin,1107
6154,primaria,1557
6154,secundaria,1266
6154,total,14007
6161,jardin,1443
6161,primaria,1927
6161,secundaria,1709
6161,total,17345
6168,jardin,760
6168,primaria,1013
6168,secundaria,904
6168,total,9551
6175,jardin,2014
6175,primaria,2851
6175,secundaria,2561
6175,total,27406
6182,jardin,4705
6182,primaria,7353
6182,secundaria,6424
6182,total,65823
6189,jardin,1131
6189,primaria,1609
6189,secundaria,1418
6189,total,15795
6196,jardin,1890
6196,primaria,2791
6196,secundaria,2166
6196,total,24110
6203,jardin,2881
6203,primaria,4418
6203,secundaria,3537
6203,total,41713
6210,jardin,3518
6210,primaria,5344
6210,secundaria,4811
6210,total,52409
6218,jardin,3167
6218,primaria,4976
6218,secundaria,4223
6218,total,42191
6224,jardin,4906
6224,primaria,7181
6224,secundaria,6479
6224,total,70554
6231,jardin,1395
6231,primaria,1986
6231,secundaria,1828
6231,total,18328
6238,jardin,2569
6238,primaria,3369
6238,secundaria,2998
6238,total,31405
6245,jardin,4917
6245,primaria,7776
6245,secundaria,6660
6245,total,63978
6252,jardin,21900
6252,primaria,31983
6252,secundaria,25714
6252,total,256071
6260,jardin,27670
6260,primaria,41112
6260,secundaria,34241
6260,total,337880
6266,jardin,3424
6266,primaria,4920
6266,secundaria,3860
6266,total,40036
6270,jardin,17155
6270,primaria,25615
6270,secundaria,21089
6270,total,198620
6274,jardin,44663
6274,primaria,64455
6274,secundaria,52426
6274,total,488103
6277,jardin,876
6277,primaria,1275
6277,secundaria,1107
6277,total,10759
6280,jardin,3570
6280,primaria,4822
6280,secundaria,4254
6280,total,45307
6287,jardin,758
6287,primaria,1137
6287,secundaria,912
6287,total,10150
6294,jardin,1212
6294,primaria,1535
6294,secundaria,1404
6294,total,16231
6301,jardin,1618
6301,primaria,2272
6301,secundaria,1893
6301,total,20674
6308,jardin,236
6308,primaria,338
6308,secundaria,304
6308,total,3157
6315,jardin,1548
6315,primaria,2637
6315,secundaria,2375
6315,total,22566
6322,jardin,866
6322,primaria,1263
6322,secundaria,980
6322,total,11535
6329,jardin,1466
6329,primaria,2054
6329,secundaria,1823
6329,total,17980
6336,jardin,419
6336,primaria,636
6336,secundaria,493
6336,total,4846
6343,jardin,1095
6343,primaria,1705
6343,secundaria,1390
6343,total,14141
6351,jardin,1104
6351,primaria,1321
6351,secundaria,1175
6351,total,12842
6357,jardin,41427
6357,primaria,62565
6357,secundaria,57730
6357,total,660569
6364,jardin,14137
6364,primaria,20970
6364,secundaria,15698
6364,total,142315
6371,jardin,28038
6371,primaria,44539
6371,secundaria,39634
6371,total,444503
6385,jardin,1801
6385,primaria,2538
6385,secundaria,2039
6385,total,22530
6392,jardin,2797
6392,primaria,4006
6392,secundaria,3428
6392,total,35055
6399,jardin,822
6399,primaria,1189
6399,secundaria,1063
6399,total,11662
6406,jardin,789
6406,primaria,1110
6406,secundaria,965
6406,total,10581
6408,jardin,11620
6408,primaria,18866
6408,secundaria,16751
6408,total,185361
6410,jardin,10707
6410,primaria,17692
6410,secundaria,16004
6410,total,177983
6412,jardin,29597
6412,primaria,42316
6412,secundaria,34014
6412,total,326527
6413,jardin,7543
6413,primaria,10433
6413,secundaria,8728
6413,total,100964
6420,jardin,7455
6420,primaria,11364
6420,secundaria,10072
6420,total,100400
6427,jardin,157034
6427,primaria,225872
6427,secundaria,181212
6427,total,1837168
6434,jardin,28133
6434,primaria,44506
6434,secundaria,39855
6434,total,460081
6441,jardin,52075
6441,primaria,77998
6441,secundaria,67326
6441,total,756074
6448,jardin,901
6448,primaria,1366
6448,secundaria,1152
6448,total,11496
6455,jardin,1982
6455,primaria,2771
6455,secundaria,2543
6455,total,27136
6462,jardin,1361
6462,primaria,1838
6462,secundaria,1700
6462,total,17153
6466,jardin,443
6466,primaria,639
6466,secundaria,570
6466,total,6170
6469,jardin,3480
6469,primaria,4674
6469,secundaria,4080
6469,total,45191
6476,jardin,1302
6476,primaria,1865
6476,secundaria,1638
6476,total,18106
6483,jardin,3294
6483,primaria,4668
6483,secundaria,4035
6483,total,41418
6490,jardin,50825
6490,primaria,76967
6490,secundaria,65257
6490,total,685644
6497,jardin,8352
6497,primaria,12341
6497,secundaria,10388
6497,total,110111
6505,jardin,1935
6505,primaria,2768
6505,secundaria,2260
6505,total,22653
6511,jardin,861
6511,primaria,1234
6511,secundaria,995
6511,total,11253
6515,jardin,25943
6515,primaria,40319
6515,secundaria,34959
6515,total,349401
6518,jardin,2519
6518,primaria,3622
6518,secundaria,3044
6518,total,32973
6525,jardin,5973
6525,primaria,8477
6525,secundaria,7148
6525,total,64761
6532,jardin,5457
6532,primaria,7882
6532,secundaria,6753
6532,total,71002
6539,jardin,48007
6539,primaria,71541
6539,secundaria,59718
6539,total,581484
6547,jardin,1922
6547,primaria,3031
6547,secundaria,2380
6547,total,24616
6553,jardin,596
6553,primaria,942
6553,secundaria,782
6553,total,8444
6560,jardin,50791
6560,primaria,76357
6560,secundaria,60359
6560,total,575758
6568,jardin,18044
6568,primaria,28780
6568,secundaria,26584
6568,total,329517
6574,jardin,1501
6574,primaria,2341
6574,secundaria,2082
6574,total,19888
6581,jardin,6914
6581,primaria,10545
6581,secundaria,9347
6581,total,101483
6588,jardin,3963
6588,primaria,5830
6588,secundaria,4999
6588,total,52366
6595,jardin,8554
6595,primaria,13055
6595,secundaria,11526
6595,total,122011
6602,jardin,2857
6602,primaria,4262
6602,secundaria,3335
6602,total,37499
6609,jardin,3474
6609,primaria,4827
6609,secundaria,4284
6609,total,44594
6616,jardin,662
6616,primaria,831
6616,secundaria,610
6616,total,7112
6623,jardin,8676
6623,primaria,12264
6623,secundaria,10389
6623,total,114988
6630,jardin,408
6630,primaria,592
6630,secundaria,441
6630,total,4615
6638,jardin,34493
6638,primaria,49944
6638,secundaria,41528
6638,total,393614
6644,jardin,3043
6644,primaria,4519
6644,secundaria,3979
6644,total,39224
6648,jardin,10170
6648,primaria,14476
6648,secundaria,11730
6648,total,101994
6651,jardin,998
6651,primaria,1459
6651,secundaria,1232
6651,total,16391
6655,jardin,936
6655,primaria,1384
6655,secundaria,1047
6655,total,12161
6658,jardin,47353
6658,primaria,70881
6658,secundaria,60085
6658,total,631774
6665,jardin,3451
6665,primaria,4707
6665,secundaria,4088
6665,total,39648
6672,jardin,1197
6672,primaria,1761
6672,secundaria,1519
6672,total,16491
6679,jardin,1734
6679,primaria,2317
6679,secundaria,1873
6679,total,19735
6686,jardin,1851
6686,primaria,2724
6686,secundaria,2362
6686,total,25619
6693,jardin,1104
6693,primaria,1572
6693,secundaria,1316
6693,total,13901
6700,jardin,1436
6700,primaria,2109
6700,secundaria,1799
6700,total,21407
6707,jardin,2716
6707,primaria,3785
6707,secundaria,3339
6707,total,35423
6714,jardin,3175
6714,primaria,4405
6714,secundaria,3794
6714,total,39257
6721,jardin,653
6721,primaria,963
6721,secundaria,846
6721,total,9344
6728,jardin,2151
6728,primaria,3031
6728,secundaria,2583
6728,total,26399
6735,jardin,2120
6735,primaria,2873
6735,secundaria,2569
6735,total,26695
6742,jardin,615
6742,primaria,865
6742,secundaria,747
6742,total,8918
6749,jardin,11498
6749,primaria,17900
6749,secundaria,15461
6749,total,171099
6756,jardin,17057
6756,primaria,26323
6756,secundaria,25052
6756,total,295978
6760,jardin,24752
6760,primaria,37035
6760,secundaria,30653
6760,total,327650
6763,jardin,12727
6763,primaria,17845
6763,secundaria,15225
6763,total,166657
6770,jardin,5781
6770,primaria,8283
6770,secundaria,7113
6770,total,68353
6778,jardin,9859
6778,primaria,14032
6778,secundaria,10952
6778,total,97929
6784,jardin,981
6784,primaria,1328
6784,secundaria,1257
6784,total,11736
6791,jardin,9785
6791,primaria,14723
6791,secundaria,12884
6791,total,144678
6798,jardin,873
6798,primaria,1125
6798,secundaria,1059
6798,total,10695
6805,jardin,32611
6805,primaria,51961
6805,secundaria,45401
6805,total,446291
6812,jardin,244
6812,primaria,298
6812,secundaria,231
6812,total,2528
6819,jardin,997
6819,primaria,1549
6819,secundaria,1238
6819,total,14591
6826,jardin,4016
6826,primaria,5326
6826,secundaria,4442
6826,total,49128
6833,jardin,4260
6833,primaria,6392
6833,secundaria,5392
6833,total,61889
6840,jardin,21166
6840,primaria,33616
6840,secundaria,30170
6840,total,362319
6847,jardin,682
6847,primaria,989
6847,secundaria,831
6847,total,9090
6854,jardin,2706
6854,primaria,3733
6854,secundaria,3238
6854,total,35411
6861,jardin,14893
6861,primaria,22610
6861,secundaria,21312
6861,total,280541
6868,jardin,2583
6868,primaria,4267
6868,secundaria,3801
6868,total,37325
6875,jardin,2586
6875,primaria,3677
6875,secundaria,3288
6875,total,32552
6882,jardin,9976
6882,primaria,15431
6882,secundaria,13300
6882,total,131415
10007,jardin,374
10007,primaria,439
10007,secundaria,401
10007,total,5087
10014,jardin,243
10014,primaria,334
10014,secundaria,322
10014,total,3282
10021,jardin,1535
10021,primaria,2037
10021,secundaria,2051
10021,total,19545
10028,jardin,142
10028,primaria,241
10028,secundaria,174
10028,total,1822
10035,jardin,2482
10035,primaria,3513
10035,secundaria,3350
10035,total,30353
10042,jardin,1697
10042,primaria,2244
10042,secundaria,2043
10042,total,19471
10049,jardin,14250
10049,primaria,20132
10049,secundaria,17544
10049,total,186466
10056,jardin,394
10056,primaria,517
10056,secundaria,485
10056,total,4375
10063,jardin,1207
10063,primaria,1651
10063,secundaria,1397
10063,total,14624
10070,jardin,2352
10070,primaria,3146
10070,secundaria,2844
10070,total,26341
10077,jardin,317
10077,primaria,512
10077,secundaria,450
10077,total,4696
10084,jardin,988
10084,primaria,1480
10084,secundaria,1321
10084,total,12219
10091,jardin,2179
10091,primaria,2998
10091,secundaria,2619
10091,total,26822
10098,jardin,1154
10098,primaria,1476
10098,secundaria,1361
10098,total,13317
10105,jardin,2024
10105,primaria,2784
10105,secundaria,2684
10105,total,25254
10112,jardin,2667
10112,primaria,3862
10112,secundaria,3346
10112,total,33951
14007,jardin,5902
14007,primaria,8474
14007,secundaria,7104
14007,total,75462
14014,jardin,105777
14014,primaria,149261
14014,secundaria,132716
14014,total,1498060
14021,jardin,24253
14021,primaria,34951
14021,secundaria,29481
14021,total,294511
14028,jardin,5650
14028,primaria,7539
14028,secundaria,6409
14028,total,64748
14035,jardin,2905
14035,primaria,3828
14035,secundaria,3338
14035,total,36064
14042,jardin,12494
14042,primaria,16719
14042,secundaria,13699
14042,total,152397
14049,jardin,3125
14049,primaria,4159
14049,secundaria,3859
14049,total,36023
14056,jardin,5605
14056,primaria,7504
14056,secundaria,6295
14056,total,68317
14063,jardin,7791
14063,primaria,10712
14063,secundaria,9015
14063,total,107286
14070,jardin,371
14070,primaria,499
14070,secundaria,454
14070,total,4855
14077,jardin,377
14077,primaria,472
14077,secundaria,471
14077,total,5070
14084,jardin,2907
14084,primaria,4130
14084,secundaria,3526
14084,total,37551
14091,jardin,15214
14091,primaria,22996
14091,secundaria,19945
14091,total,219494
14098,jardin,21670
14098,primaria,28900
14098,secundaria,24194
14098,total,277979
14105,jardin,5303
14105,primaria,6664
14105,secundaria,5637
14105,total,58181
14112,jardin,1324
14112,primaria,1890
14112,secundaria,1619
14112,total,15275
14119,jardin,8823
14119,primaria,12120
14119,secundaria,10358
14119,total,113311
14126,jardin,3328
14126,primaria,4666
14126,secundaria,3958
14126,total,42029
14133,jardin,4809
14133,primaria,7043
14133,secundaria,5838
14133,total,62700
14140,jardin,17737
14140,primaria,24255
14140,secundaria,21387
14140,total,228951
14147,jardin,12002
14147,primaria,16655
14147,secundaria,13320
14147,total,139012
14154,jardin,345
14154,primaria,468
14154,secundaria,474
14154,total,4381
14161,jardin,9114
14161,primaria,12660
14161,secundaria,10615
14161,total,120207
14168,jardin,1943
14168,primaria,2627
14168,secundaria,2260
14168,total,22473
14175,jardin,1158
14175,primaria,1454
14175,secundaria,1262
14175,total,14092
14182,jardin,8748
14182,primaria,12013
14182,secundaria,10336
14182,total,113635
18007,jardin,4397
18007,primaria,5598
18007,secundaria,4349
18007,total,44369
18014,jardin,231
18014,primaria,301
18014,secundaria,288
18014,total,2808
18021,jardin,35160
18021,primaria,47808
18021,secundaria,40759
18021,total,437446
18028,jardin,2791
18028,primaria,3721
18028,secundaria,3145
18028,total,26270
18035,jardin,4649
18035,primaria,6209
18035,secundaria,5270
18035,total,51489
18042,jardin,1574
18042,primaria,2041
18042,secundaria,1795
18042,total,17948
18049,jardin,3662
18049,primaria,4809
18049,secundaria,4256
18049,total,39168
18056,jardin,873
18056,primaria,1086
18056,secundaria,936
18056,total,9051
18063,jardin,1425
18063,primaria,1916
18063,secundaria,1636
18063,total,17016
18070,jardin,9035
18070,primaria,12729
18070,secundaria,11020
18070,total,106223
18077,jardin,1136
18077,primaria,1491
18077,secundaria,1164
18077,total,11946
18084,jardin,3816
18084,primaria,4878
18084,secundaria,4073
18084,total,38767
18091,jardin,4432
18091,primaria,5545
18091,secundaria,4384
18091,total,40406
18098,jardin,1002
18098,primaria,1317
18098,secundaria,1230
18098,total,11541
18105,jardin,4965
18105,primaria,6120
18105,secundaria,4682
18105,total,49807
18112,jardin,4116
18112,primaria,5486
18112,secundaria,4434
18112,total,45602
18119,jardin,5442
18119,primaria,7451
18119,secundaria,6405
18119,total,56778
18126,jardin,2703
18126,primaria,3566
18126,secundaria,3134
18126,total,29126
18133,jardin,1633
18133,primaria,2191
18133,secundaria,1708
18133,total,19679
18140,jardin,1862
18140,primaria,2392
18140,secundaria,2129
18140,total,21381
18147,jardin,1512
18147,primaria,1980
18147,secundaria,1694
18147,total,15164
18154,jardin,1287
18154,primaria,1758
18154,secundaria,1480
18154,total,12700
18161,jardin,2171
18161,primaria,2726
18161,secundaria,2356
18161,total,22682
18168,jardin,6984
18168,primaria,9454
18168,secundaria,7725
18168,total,71922
18175,jardin,922
18175,primaria,1251
18175,secundaria,1114
18175,total,10382
22007,jardin,4089
22007,primaria,5089
22007,secundaria,4604
22007,total,37794
22014,jardin,2560
22014,primaria,3431
22014,secundaria,2793
22014,total,28060
22021,jardin,8579
22021,primaria,12218
22021,secundaria,10680
22021,total,101086
22028,jardin,3114
22028,primaria,4114
22028,secundaria,3194
22028,total,34493
22036,jardin,2262
22036,primaria,2851
22036,secundaria,2323
22036,total,23179
22039,jardin,745
22039,primaria,895
22039,secundaria,768
22039,total,8310
22043,jardin,968
22043,primaria,1305
22043,secundaria,1039
22043,total,10643
22049,jardin,1411
22049,primaria,1698
22049,secundaria,1470
22049,total,12807
22056,jardin,1285
22056,primaria,1794
22056,secundaria,1513
22056,total,15061
22063,jardin,6921
22063,primaria,9486
22063,secundaria,7565
22063,total,68429
22070,jardin,2318
22070,primaria,3020
22070,secundaria,2776
22070,total,21948
22077,jardin,1282
22077,primaria,1682
22077,secundaria,1357
22077,total,13775
22084,jardin,6514
22084,primaria,8406
22084,secundaria,6903
22084,total,65304
22091,jardin,2701
22091,primaria,3468
22091,secundaria,2776
22091,total,26354
22098,jardin,5880
22098,primaria,7600
22098,secundaria,5872
22098,total,59798
22105,jardin,2987
22105,primaria,3572
22105,secundaria,3053
22105,total,30223
22112,jardin,2090
22112,primaria,3018
22112,secundaria,2575
22112,total,21544
22119,jardin,1353
22119,primaria,1853
22119,secundaria,1510
22119,total,13938
22126,jardin,1360
22126,primaria,1810
22126,secundaria,1262
22126,total,14265
22133,jardin,3168
22133,primaria,3819
22133,secundaria,3539
22133,total,32430
22140,jardin,31821
22140,primaria,45514
22140,secundaria,36791
22140,total,413764
22147,jardin,1707
22147,primaria,2119
22147,secundaria,1694
22147,total,16045
22154,jardin,1769
22154,primaria,2286
22154,secundaria,1912
22154,total,18696
22161,jardin,394
22161,primaria,505
22161,secundaria,442
22161,total,4051
22168,jardin,3301
22168,primaria,4543
22168,secundaria,3788
22168,total,32606
26007,jardin,8111
26007,primaria,12244
26007,secundaria,10407
26007,total,102806
26014,jardin,2022
26014,primaria,3216
26014,secundaria,2710
26014,total,28099
26021,jardin,16668
26021,primaria,25207
26021,secundaria,20255
26021,total,214829
26028,jardin,175
26028,primaria,221
26028,secundaria,157
26028,total,1782
26035,jardin,3522
26035,primaria,5702
26035,secundaria,4656
26035,total,49965
26042,jardin,998
26042,primaria,1396
26042,secundaria,1244
26042,total,12505
26049,jardin,83
26049,primaria,108
26049,secundaria,97
26049,total,1181
26056,jardin,236
26056,primaria,297
26056,secundaria,269
26056,total,2862
26063,jardin,64
26063,primaria,74
26063,secundaria,54
26063,total,744
26070,jardin,137
26070,primaria,191
26070,secundaria,147
26070,total,1882
26077,jardin,10491
26077,primaria,15641
26077,secundaria,13427
26077,total,144420
26084,jardin,565
26084,primaria,746
26084,secundaria,517
26084,total,6347
26091,jardin,1344
26091,primaria,1995
26091,secundaria,1510
26091,total,14477
26098,jardin,464
26098,primaria,754
26098,secundaria,546
26098,total,5947
26105,jardin,117
26105,primaria,167
26105,secundaria,151
26105,total,1608
30008,jardin,5907
30008,primaria,8095
30008,secundaria,6808
30008,total,74890
30015,jardin,17901
30015,primaria,24910
30015,secundaria,19760
30015,total,197603
30021,jardin,3847
30021,primaria,5216
30021,secundaria,4404
30021,total,52312
30028,jardin,6876
30028,primaria,9326
30028,secundaria,7362
30028,total,78264
30035,jardin,2629
30035,primaria,3327
30035,secundaria,2784
30035,total,29436
30042,jardin,1461
30042,primaria,2002
30042,secundaria,1752
30042,total,16717
30049,jardin,4529
30049,primaria,6359
30049,secundaria,5287
30049,total,56796
30056,jardin,9410
30056,primaria,13745
30056,secundaria,11683
30056,total,125176
30063,jardin,1271
30063,primaria,1790
30063,secundaria,1491
30063,total,13984
30070,jardin,6549
30070,primaria,9094
30070,secundaria,7510
30070,total,75271
30077,jardin,3364
30077,primaria,4731
30077,secundaria,3961
30077,total,42954
30084,jardin,27975
30084,primaria,40780
30084,secundaria,34203
30084,total,388716
30088,jardin,1743
30088,primaria,2487
30088,secundaria,2170
30088,total,20786
30091,jardin,2477
30091,primaria,3601
30091,secundaria,2963
30091,total,31091
30098,jardin,8632
30098,primaria,12543
30098,secundaria,10989
30098,total,115516
30105,jardin,3123
30105,primaria,4259
30105,secundaria,3629
30105,total,40301
30113,jardin,4679
30113,primaria,6258
30113,secundaria,5445
30113,total,55284
34007,jardin,1763
34007,primaria,2371
34007,secundaria,1864
34007,total,15600
34014,jardin,21127
34014,primaria,30764
34014,secundaria,26381
34014,total,268572
34021,jardin,1725
34021,primaria,2496
34021,secundaria,2230
34021,total,19275
34028,jardin,1918
34028,primaria,2539
34028,secundaria,2024
34028,total,17017
34035,jardin,8070
34035,primaria,11476
34035,secundaria,8864
34035,total,81600
34042,jardin,1864
34042,primaria,2530
34042,secundaria,2118
34042,total,19089
34049,jardin,8934
34049,primaria,11883
34049,secundaria,9453
34049,total,94116
34056,jardin,6830
34056,primaria,9417
34056,secundaria,7940
34056,total,72560
34063,jardin,2421
34063,primaria,3239
34063,secundaria,2578
34063,total,17678
38007,jardin,1322
38007,primaria,2002
38007,secundaria,1782
38007,total,14998
38014,jardin,11018
38014,primaria,15576
38014,secundaria,12999
38014,total,122259
38021,jardin,23048
38021,primaria,36369
38021,secundaria,29775
38021,total,319469
38028,jardin,1752
38028,primaria,2892
38028,secundaria,2366
38028,total,20877
38035,jardin,8147
38035,primaria,11518
38035,secundaria,9498
38035,total,94132
38042,jardin,4800
38042,primaria,7650
38042,secundaria,6532
38042,total,65522
38049,jardin,170
38049,primaria,292
38049,secundaria,187
38049,total,1797
38056,jardin,539
38056,primaria,820
38056,secundaria,617
38056,total,6729
38063,jardin,7205
38063,primaria,10745
38063,secundaria,8540
38063,total,88237
38070,jardin,1905
38070,primaria,2848
38070,secundaria,2152
38070,total,20497
38077,jardin,282
38077,primaria,350
38077,secundaria,304
38077,total,2641
38084,jardin,439
38084,primaria,604
38084,secundaria,483
38084,total,3966
38094,jardin,1063
38094,primaria,1787
38094,secundaria,1565
38094,total,14621
38098,jardin,375
38098,primaria,631
38098,secundaria,468
38098,total,5298
38105,jardin,194
38105,primaria,332
38105,secundaria,273
38105,total,2490
38112,jardin,2367
38112,primaria,3247
38112,secundaria,2798
38112,total,25831
42007,jardin,769
42007,primaria,1146
42007,secundaria,1002
42007,total,11053
42014,jardin,194
42014,primaria,325
42014,secundaria,283
42014,total,2611
42021,jardin,8258
42021,primaria,12927
42021,secundaria,10902
42021,total,118504
42028,jardin,648
42028,primaria,1019
42028,secundaria,794
42028,total,8225
42035,jardin,1023
42035,primaria,1567
42035,secundaria,1227
42035,total,15094
42042,jardin,99
42042,primaria,125
42042,secundaria,90
42042,total,1103
42049,jardin,201
42049,primaria,354
42049,secundaria,270
42049,total,2868
42056,jardin,960
42056,primaria,1353
42056,secundaria,1136
42056,total,12277
42063,jardin,110
42063,primaria,180
42063,secundaria,163
42063,total,1461
42070,jardin,690
42070,primaria,894
42070,secundaria,827
42070,total,9397
42077,jardin,486
42077,primaria,693
42077,secundaria,617
42077,total,7713
42084,jardin,39
42084,primaria,52
42084,secundaria,44
42084,total,428
42091,jardin,33
42091,primaria,46
42091,secundaria,24
42091,total,413
42098,jardin,647
42098,primaria,993
42098,secundaria,858
42098,total,9243
42105,jardin,5292
42105,primaria,7633
42105,secundaria,6334
42105,total,69067
42112,jardin,1095
42112,primaria,1576
42112,secundaria,1178
42112,total,11636
42119,jardin,600
42119,primaria,825
42119,secundaria,807
42119,total,8404
42126,jardin,853
42126,primaria,1281
42126,secundaria,1164
42126,total,11090
42133,jardin,1232
42133,primaria,1924
42133,secundaria,1672
42133,total,17356
42140,jardin,1540
42140,primaria,2436
42140,secundaria,1773
42140,total,17927
42147,jardin,435
42147,primaria,580
42147,secundaria,495
42147,total,5637
42154,jardin,1321
42154,primaria,2084
42154,secundaria,1668
42154,total,17686
46007,jardin,1353
46007,primaria,1915
46007,secundaria,1593
46007,total,16251
46014,jardin,15697
46014,primaria,23293
46014,secundaria,20533
46014,total,210507
46021,jardin,409
46021,primaria,626
46021,secundaria,511
46021,total,5810
46028,jardin,829
46028,primaria,1249
46028,secundaria,1001
46028,total,11371
46035,jardin,1307
46035,primaria,1589
46035,secundaria,1472
46035,total,15630
46042,jardin,4579
46042,primaria,7038
46042,secundaria,6402
46042,total,58681
46049,jardin,479
46049,primaria,757
46049,secundaria,711
46049,total,6984
46056,jardin,255
46056,primaria,392
46056,secundaria,296
46056,total,3184
46063,jardin,621
46063,primaria,784
46063,secundaria,728
46063,total,7615
46070,jardin,337
46070,primaria,406
46070,secundaria,417
46070,total,4013
46077,jardin,158
46077,primaria,191
46077,secundaria,187
46077,total,1885
46084,jardin,567
46084,primaria,765
46084,secundaria,696
46084,total,7347
46091,jardin,394
46091,primaria,643
46091,secundaria,550
46091,total,5017
46098,jardin,224
46098,primaria,294
46098,secundaria,257
46098,total,2695
46105,jardin,209
46105,primaria,291
46105,secundaria,257
46105,total,2399
46112,jardin,1310
46112,primaria,1900
46112,secundaria,1616
46112,total,15764
46119,jardin,345
46119,primaria,501
46119,secundaria,422
46119,total,4306
46126,jardin,230
46126,primaria,361
46126,secundaria,270
46126,total,2994
50007,jardin,8283
50007,primaria,11563
50007,secundaria,9394
50007,total,123715
50014,jardin,4069
50014,primaria,6260
50014,secundaria,4846
50014,total,52379
50021,jardin,13392
50021,primaria,19838
50021,secundaria,16701
50021,total,194557
50028,jardin,25349
50028,primaria,36996
50028,secundaria,29798
50028,total,320871
50035,jardin,3662
50035,primaria,5299
50035,secundaria,4319
50035,total,46472
50042,jardin,1018
50042,primaria,1499
50042,secundaria,1108
50042,total,12018
50049,jardin,19700
50049,primaria,28992
50049,secundaria,23685
50049,total,233839
50056,jardin,4526
50056,primaria,6674
50056,secundaria,5019
50056,total,47086
50063,jardin,13914
50063,primaria,20822
50063,secundaria,17463
50063,total,171883
50070,jardin,18163
50070,primaria,26442
50070,secundaria,21528
50070,total,218887
50077,jardin,2811
50077,primaria,4345
50077,secundaria,3426
50077,total,32596
50084,jardin,5261
50084,primaria,7683
50084,secundaria,6036
50084,total,63589
50091,jardin,3475
50091,primaria,5109
50091,secundaria,4018
50091,total,39752
50098,jardin,11642
50098,primaria,17257
50098,secundaria,13262
50098,total,139406
50105,jardin,17237
50105,primaria,24756
50105,secundaria,19958
50105,total,213204
50112,jardin,1765
50112,primaria,2509
50112,secundaria,1897
50112,total,19379
50119,jardin,5158
50119,primaria,7833
50119,secundaria,6153
50119,total,59972
50126,jardin,3810
50126,primaria,5685
50126,secundaria,4481
50126,total,41168
54007,jardin,5262
54007,primaria,6783
54007,secundaria,5453
54007,total,50503
54014,jardin,6425
54014,primaria,8762
54014,secundaria,6766
54014,total,59875
54021,jardin,3758
54021,primaria,4979
54021,secundaria,3937
54021,total,34945
54028,jardin,33142
54028,primaria,47460
54028,secundaria,37696
54028,total,391498
54035,jardin,1087
54035,primaria,1384
54035,secundaria,1152
54035,total,10303
54042,jardin,8721
54042,primaria,12100
54042,secundaria,9635
54042,total,91133
54049,jardin,5458
54049,primaria,6918
54049,secundaria,5169
54049,total,45456
54056,jardin,8802
54056,primaria,11433
54056,secundaria,8836
54056,total,77075
54063,jardin,10641
54063,primaria,14290
54063,secundaria,10929
54063,total,99838
54070,jardin,4430
54070,primaria,6082
54070,secundaria,4879
54070,total,49391
54077,jardin,5227
54077,primaria,6927
54077,secundaria,5525
54077,total,52166
54084,jardin,3674
54084,primaria,5313
54084,secundaria,4258
54084,total,38620
54091,jardin,11680
54091,primaria,16152
54091,secundaria,12528
54091,total,120703
54098,jardin,6498
54098,primaria,8670
54098,secundaria,6716
54098,total,63194
54105,jardin,2346
54105,primaria,3294
54105,secundaria,2470
54105,total,23080
54112,jardin,4462
54112,primaria,5727
54112,secundaria,4161
54112,total,34690
54119,jardin,3369
54119,primaria,4288
54119,secundaria,3286
54119,total,30877
58007,jardin,878
58007,primaria,1208
58007,secundaria,1021
58007,total,10173
58014,jardin,1908
58014,primaria,2480
58014,secundaria,1881
58014,total,18150
58021,jardin,220
58021,primaria,368
58021,secundaria,258
58021,total,2641
58028,jardin,360
58028,primaria,535
58028,secundaria,461
58028,total,4832
58035,jardin,34739
58035,primaria,52500
58035,secundaria,42174
58035,total,467217
58042,jardin,1298
58042,primaria,2162
58042,secundaria,1701
58042,total,18289
58049,jardin,1713
58049,primaria,2530
58049,secundaria,1973
58049,total,20853
58056,jardin,2801
58056,primaria,4460
58056,secundaria,3818
58056,total,39567
58063,jardin,675
58063,primaria,927
58063,secundaria,729
58063,total,7696
58070,jardin,1136
58070,primaria,1861
58070,secundaria,1466
58070,total,15502
58077,jardin,737
58077,primaria,1061
58077,secundaria,831
58077,total,9267
58084,jardin,440
58084,primaria,646
58084,secundaria,522
58084,total,5572
58091,jardin,2678
58091,primaria,4093
58091,secundaria,3242
58091,total,29721
58098,jardin,391
58098,primaria,631
58098,secundaria,445
58098,total,5087
58105,jardin,721
58105,primaria,1097
58105,secundaria,793
58105,total,8471
58112,jardin,3426
58112,primaria,5480
58112,secundaria,4533
58112,total,45540
62007,jardin,4517
62007,primaria,7124
62007,secundaria,6046
62007,total,63845
62014,jardin,3407
62014,primaria,4940
62014,secundaria,4126
62014,total,41160
62021,jardin,11266
62021,primaria,17315
62021,secundaria,13885
62021,total,161443
62028,jardin,605
62028,primaria,840
62028,secundaria,630
62028,total,7398
62035,jardin,545
62035,primaria,901
62035,secundaria,675
62035,total,6960
62042,jardin,29296
62042,primaria,43425
62042,secundaria,35515
62042,total,379627
62049,jardin,274
62049,primaria,408
62049,secundaria,321
62049,total,3682
62056,jardin,113
62056,primaria,141
62056,secundaria,127
62056,total,1452
62063,jardin,1344
62063,primaria,1943
62063,secundaria,1439
62063,total,16493
62070,jardin,598
62070,primaria,1107
62070,secundaria,821
62070,total,9309
62077,jardin,2730
62077,primaria,4166
62077,secundaria,3416
62077,total,35473
62084,jardin,337
62084,primaria,457
62084,secundaria,367
62084,total,4300
62091,jardin,1353
62091,primaria,1877
62091,secundaria,1607
62091,total,16555
66007,jardin,7052
66007,primaria,9429
66007,secundaria,7601
66007,total,69442
66014,jardin,832
66014,primaria,1236
66014,secundaria,883
66014,total,8928
66021,jardin,1430
66021,primaria,2378
66021,secundaria,1887
66021,total,17822
66028,jardin,47812
66028,primaria,72054
66028,secundaria,59245
66028,total,624003
66035,jardin,5342
66035,primaria,8047
66035,secundaria,6079
66035,total,55713
66042,jardin,2069
66042,primaria,3014
66042,secundaria,2568
66042,total,24715
66049,jardin,4858
66049,primaria,6917
66049,secundaria,5526
66049,total,55746
66056,jardin,19509
66056,primaria,25874
66056,secundaria,20452
66056,total,177448
66063,jardin,314
66063,primaria,403
66063,secundaria,332
66063,total,3491
66070,jardin,676
66070,primaria,930
66070,secundaria,785
66070,total,6116
66077,jardin,966
66077,primaria,1430
66077,secundaria,1076
66077,total,12246
66084,jardin,596
66084,primaria,904
66084,secundaria,755
66084,total,7182
66091,jardin,167
66091,primaria,260
66091,secundaria,234
66091,total,1789
66098,jardin,760
66098,primaria,1108
66098,secundaria,909
66098,total,8888
66105,jardin,875
66105,primaria,1130
66105,secundaria,923
66105,total,7182
66112,jardin,4326
66112,primaria,5695
66112,secundaria,4488
66112,total,48028
66119,jardin,516
66119,primaria,837
66119,secundaria,706
66119,total,5808
66126,jardin,16651
66126,primaria,22746
66126,secundaria,18047
66126,total,159715
66133,jardin,5048
66133,primaria,6427
66133,secundaria,4929
66133,total,38062
66140,jardin,2966
66140,primaria,4146
66140,secundaria,3302
66140,total,33750
66147,jardin,4735
66147,primaria,6604
66147,secundaria,5208
66147,total,50961
66154,jardin,674
66154,primaria,1102
66154,secundaria,812
66154,total,7779
66161,jardin,909
66161,primaria,1436
66161,secundaria,1218
66161,total,9411
70007,jardin,2958
70007,primaria,4253
70007,secundaria,3543
70007,total,31281
70014,jardin,969
70014,primaria,1380
70014,secundaria,1164
70014,total,10172
70021,jardin,1104
70021,primaria,1476
70021,secundaria,1116
70021,total,10667
70028,jardin,7849
70028,primaria,10619
70028,secundaria,9248
70028,total,114849
70035,jardin,4319
70035,primaria,5636
70035,secundaria,5029
70035,total,44017
70042,jardin,9879
70042,primaria,13494
70042,secundaria,11469
70042,total,103772
70049,jardin,819
70049,primaria,1084
70049,secundaria,908
70049,total,8826
70056,jardin,2155
70056,primaria,2781
70056,secundaria,2398
70056,total,25269
70063,jardin,1295
70063,primaria,1704
70063,secundaria,1390
70063,total,12498
70070,jardin,7282
70070,primaria,10435
70070,secundaria,8555
70070,total,72879
70077,jardin,11959
70077,primaria,16891
70077,secundaria,14120
70077,total,136582
70084,jardin,8399
70084,primaria,11692
70084,secundaria,9610
70084,total,101334
70091,jardin,1586
70091,primaria,2165
70091,secundaria,1718
70091,total,15037
70098,jardin,5620
70098,primaria,7756
70098,secundaria,6279
70098,total,62697
70105,jardin,2876
70105,primaria,3853
70105,secundaria,3304
70105,total,27188
70112,jardin,614
70112,primaria,864
70112,secundaria,704
70112,total,6454
70119,jardin,772
70119,primaria,963
70119,secundaria,801
70119,total,8425
70126,jardin,2294
70126,primaria,2998
70126,secundaria,2605
70126,total,20824
70133,jardin,679
70133,primaria,881
70133,secundaria,729
70133,total,6674
74007,jardin,2003
74007,primaria,2770
74007,secundaria,2471
74007,total,23653
74014,jardin,444
74014,primaria,651
74014,secundaria,545
74014,total,5575
74021,jardin,1180
74021,primaria,1710
74021,secundaria,1641
74021,total,16044
74028,jardin,1946
74028,primaria,2742
74028,secundaria,2612
74028,total,26522
74035,jardin,11922
74035,primaria,17217
74035,secundaria,15346
74035,total,148671
74042,jardin,1283
74042,primaria,1708
74042,secundaria,1593
74042,total,14334
74049,jardin,2825
74049,primaria,4272
74049,secundaria,3956
74049,total,40289
74056,jardin,19681
74056,primaria,28921
74056,secundaria,27055
74056,total,260769
74063,jardin,327
74063,primaria,445
74063,secundaria,444
74063,total,4691
78007,jardin,1456
78007,primaria,1949
78007,secundaria,1497
78007,total,15035
78014,jardin,10716
78014,primaria,16156
78014,secundaria,13468
78014,total,126266
78021,jardin,10573
78021,primaria,16392
78021,secundaria,13731
78021,total,137309
78028,jardin,2180
78028,primaria,3312
78028,secundaria,2596
78028,total,25384
78035,jardin,1298
78035,primaria,1616
78035,secundaria,1174
78035,total,12584
78042,jardin,1110
78042,primaria,1739
78042,secundaria,1324
78042,total,12828
78049,jardin,585
78049,primaria,874
78049,secundaria,653
78049,total,6271
82007,jardin,3597
82007,primaria,4903
82007,secundaria,4293
82007,total,48544
82014,jardin,5966
82014,primaria,8294
82014,secundaria,7108
82014,total,86261
82021,jardin,15092
82021,primaria,20593
82021,secundaria,17437
82021,total,189464
82028,jardin,6793
82028,primaria,9370
82028,secundaria,8501
82028,total,93000
82035,jardin,2349
82035,primaria,2920
82035,secundaria,2238
82035,total,24853
82042,jardin,14884
82042,primaria,20764
82042,secundaria,17525
82042,total,200455
82049,jardin,17202
82049,primaria,22397
82049,secundaria,19095
82049,total,197533
82056,jardin,5742
82056,primaria,7768
82056,secundaria,6189
82056,total,73636
82063,jardin,42937
82063,primaria,60178
82063,secundaria,51318
82063,total,568259
82070,jardin,8519
82070,primaria,11728
82070,secundaria,10201
82070,total,114730
82077,jardin,2720
82077,primaria,3636
82077,secundaria,3285
82077,total,30942
82084,jardin,97904
82084,primaria,136909
82084,secundaria,111326
82084,total,1337958
82091,jardin,5906
82091,primaria,8274
82091,secundaria,6990
82091,total,72593
82098,jardin,3076
82098,primaria,4011
82098,secundaria,3004
82098,total,33180
82105,jardin,6707
82105,primaria,9086
82105,secundaria,7615
82105,total,84617
82112,jardin,3766
82112,primaria,5112
82112,secundaria,4294
82112,total,46486
82119,jardin,16356
82119,primaria,22850
82119,secundaria,17689
82119,total,193786
82126,jardin,5177
82126,primaria,7148
82126,secundaria,5857
82126,total,67299
82133,jardin,4985
82133,primaria,6546
82133,secundaria,5536
82133,total,55463
86007,jardin,804
86007,primaria,1064
86007,secundaria,941
86007,total,8959
86014,jardin,2298
86014,primaria,2854
86014,secundaria,2369
86014,total,20104
86021,jardin,1520
86021,primaria,2168
86021,secundaria,1880
86021,total,14894
86028,jardin,2758
86028,primaria,3527
86028,secundaria,3231
86028,total,25462
86035,jardin,16118
86035,primaria,21600
86035,secundaria,17110
86035,total,170401
86042,jardin,1033
86042,primaria,1293
86042,secundaria,1074
86042,total,10809
86049,jardin,26352
86049,primaria,37231
86049,secundaria,30377
86049,total,328824
86056,jardin,3908
86056,primaria,4966
86056,secundaria,4367
86056,total,35653
86063,jardin,3746
86063,primaria,5276
86063,secundaria,4520
86063,total,43692
86070,jardin,2127
86070,primaria,2803
86070,secundaria,2471
86070,total,20246
86077,jardin,4772
86077,primaria,6042
86077,secundaria,5394
86077,total,46304
86084,jardin,900
86084,primaria,1095
86084,secundaria,941
86084,total,9251
86091,jardin,1847
86091,primaria,2376
86091,secundaria,2055
86091,total,18622
86098,jardin,2152
86098,primaria,3004
86098,secundaria,2585
86098,total,20567
86105,jardin,2243
86105,primaria,3051
86105,secundaria,2561
86105,total,24047
86112,jardin,112
86112,primaria,143
86112,secundaria,160
86112,total,1440
86119,jardin,4608
86119,primaria,5635
86119,secundaria,5178
86119,total,40352
86126,jardin,1392
86126,primaria,1714
86126,secundaria,1633
86126,total,15008
86133,jardin,2632
86133,primaria,3634
86133,secundaria,2937
86133,total,26193
86140,jardin,1286
86140,primaria,1585
86140,secundaria,1324
86140,total,12336
86147,jardin,6377
86147,primaria,8569
86147,secundaria,6856
86147,total,66637
86154,jardin,487
86154,primaria,649
86154,secundaria,539
86154,total,5314
86161,jardin,5435
86161,primaria,7173
86161,secundaria,5982
86161,total,53879
86168,jardin,1294
86168,primaria,1746
86168,secundaria,1654
86168,total,12775
86175,jardin,1183
86175,primaria,1602
86175,secundaria,1480
86175,total,11183
86182,jardin,533
86182,primaria,722
86182,secundaria,624
86182,total,5034
86189,jardin,861
86189,primaria,1173
86189,secundaria,1076
86189,total,9766
90007,jardin,4330
90007,primaria,6034
90007,secundaria,4942
90007,total,45459
90014,jardin,21071
90014,primaria,29374
90014,secundaria,23883
90014,total,227688
90021,jardin,7651
90021,primaria,10719
90021,secundaria,8977
90021,total,92308
90028,jardin,4239
90028,primaria,5489
90028,secundaria,4607
90028,total,42669
90035,jardin,1434
90035,primaria,1880
90035,secundaria,1613
90035,total,15539
90042,jardin,2908
90042,primaria,4124
90042,secundaria,3462
90042,total,34745
90049,jardin,1894
90049,primaria,2557
90049,secundaria,2282
90049,total,21196
90056,jardin,5678
90056,primaria,7892
90056,secundaria,6716
90056,total,66352
90063,jardin,8542
90063,primaria,12694
90063,secundaria,9951
90063,total,93464
90070,jardin,6523
90070,primaria,9280
90070,secundaria,7910
90070,total,77469
90077,jardin,5525
90077,primaria,7740
90077,secundaria,6483
90077,total,64927
90084,jardin,44089
90084,primaria,60342
90084,secundaria,50598
90084,total,587289
90091,jardin,3132
90091,primaria,4427
90091,secundaria,3591
90091,total,36946
90098,jardin,1828
90098,primaria,2606
90098,secundaria,2135
90098,total,22382
90105,jardin,15052
90105,primaria,21744
90105,secundaria,17829
90105,total,172877
90112,jardin,2185
90112,primaria,2854
90112,secundaria,2478
90112,total,23438
90119,jardin,8420
90119,primaria,11860
90119,secundaria,10036
90119,total,102589
94007,jardin,8087
94007,primaria,11816
94007,secundaria,9779
94007,total,98922
94011,jardin,581
94011,primaria,832
94011,secundaria,662
94011,total,6027
94014,jardin,6135
94014,primaria,8898
94014,secundaria,7210
94014,total,80009
2000,jardin,155314
2000,primaria,236991
2000,secundaria,210663
2000,total,3095454
